PLAYER_ID,PLAYER_NAME
1629735,Chris Silva
1630606,Javonte Smart
1629644,KZ Okpala
1629657,Kyle Guy
1630585,Marcus Garrett
1628539,Mychal Mulder
203917,Nik Stauskas
2617,Udonis Haslem
1629629,Cam Reddish
1628419,Cameron Oliver
1627760,Cat Barber
1630602,Chaundee Brown Jr.
202362,Lance Stephenson
101150,Lou Williams
1630792,Malcolm Hill
1630536,Sharife Cooper
203524,Solomon Hill
1628411,Wes Iwundu
1630561,David Duke Jr.
1627761,DeAndre' Bembry
203516,James Ennis III
201935,James Harden
201949,James Johnson
1628975,Jevon Carter
203925,Joe Harris
200746,LaMarcus Aldridge
204038,Langston Galloway
200794,Paul Millsap
1627885,Shaquille Harrison
1629117,Wenyen Gabriel
1630271,Brodric Thomas
1628981,Bruno Fernando
101139,CJ Miles
203471,Dennis Schroder
202683,Enes Freedom
203953,Jabari Parker
2207,Joe Johnson
1626196,Josh Richardson
1627823,Juancho Hernangomez
1628382,Justin Jackson
1629103,Kelan Martin
1630346,Matt Ryan
1629641,Romeo Langford
1627761,DeAndre' Bembry
202326,DeMarcus Cousins
1628978,Donte DiVincenzo
1630686,Georgios Kalaitzakis
202328,Greg Monroe
1629602,Javin DeLaurier
1630606,Javonte Smart
1630288,Jeff Dowtin
1629620,Justin Robinson
204038,Langston Galloway
1629623,Lindell Wigginton
1628436,Luke Kornet
203918,Rodney Hood
1630572,Sandro Mamukelashvili
1628400,Semi Ojeleye
1628035,Alfonzo McKinnie
1628993,Alize Johnson
1629653,Devon Dotson
1628395,Jordan Bell
1628366,Lonzo Ball
1630644,Mac McClung
1630792,Malcolm Hill
1630250,Marko Simonovic
1629744,Matt Thomas
1629076,Tyler Cook
1628391,D.J. Wilson
1630187,Daniel Oturu
1630525,David Johnson
201609,Goran Dragic
1630551,Justin Champagnie
1629752,Juwan Morgan
1626155,Sam Dekker
1629682,Tremont Waters
1630565,Aaron Henry
203083,Andre Drummond
1630296,Braxton Key
1629718,Charlie Brown Jr.
1629619,Myles Powell
203552,Seth Curry
204020,Tyler Johnson
1626161,Willie Cauley-Stein
1627846,Abdel Nader
1628990,Chandler Hutchison
1629150,Emanuel Terry
1626163,Frank Kaminsky
1630994,Gabriel Lundberg
1630188,Jalen Smith
1628382,Justin Jackson
1630640,MJ Walker
1628238,Paris Bass
1628993,Alize Johnson
1629712,Didi Louzada
1629109,Gary Clark
1629607,Jared Harper
1628404,Josh Hart
1630184,Kira Lewis Jr.
1629638,Nickeil Alexander-Walker
203107,Tomas Satoransky
203503,Tony Snell
1627820,Tyrone Wallace
1629735,Chris Silva
1627774,Jake Layman
1630195,Leandro Bolmaro
1630593,McKinley Wright IV
1630233,Nathan Knight
1629610,DaQuan Jeffries
1629751,Dakota Mathias
1630257,Jon Teske
1629681,Killian Tillie
1630241,Sam Merrill
1630583,Santi Aldama
1629783,Shaq Buchanan
1630179,Tyrell Terry
1630270,Xavier Sneed
1630582,Yves Pons
1629185,Chris Chiozza
1630288,Jeff Dowtin
1629683,Quinndary Weatherspoon
1629626,Bol Bol
1630637,Carlik Jones
1628432,Davon Reed
203516,James Ennis III
1630210,Markus Howard
1629008,Michael Porter Jr.
1628408,P.J. Dozier
1627822,Petr Cornelie
1629730,Rayjon Tucker
1627756,Denzel Valentine
1630190,Elijah Hughes
202328,Greg Monroe
204060,Joe Ingles
1630238,Malik Fitts
1629671,Miye Oni
203658,Norvel Pelle
200752,Rudy Gay
1630235,Trent Forrest
1628962,Udoka Azubuike
1630270,Xavier Sneed
1629597,Zylan Cheatham
202688,Brandon Knight
1630637,Carlik Jones
1629718,Charlie Brown Jr.
1630647,Eugene Omoruyi
1628994,George King
202738,Isaiah Thomas
1630605,JaQuori McLaughlin
204001,Kristaps Porzingis
1629650,Moses Brown
1630589,Moses Wright
1629033,Theo Pinson
203501,Tim Hardaway Jr.
1626161,Willie Cauley-Stein
